{
  "lr": 0.0007036759029440407,
  "batch_size": 112,
  "drop_out": 0.24427440854589538,
  "unit": 48,
  "layber_number": 2
}