{
  "lr": 0.00044375033503523894,
  "batch_size": 48,
  "drop_out": 0.16241461559783194,
  "unit": 112,
  "layber_number": 2
}