{
  "model_id": "bbebf738-aa11-46bb-b876-0b887374c0c3",
  "created_at": "2025-09-04T19:52:00.159554",
  "task_type": "regression",
  "feature_number": 4,
  "target_number": 1,
  "feature_names": [
    "SiO2",
    "CeO2",
    "Lignin",
    "2-VN"
  ],
  "target_names": [
    "H-AF"
  ],
  "best_params": {
    "lr": 0.00044375033503523894,
    "batch_size": 48,
    "drop_out": 0.16241461559783194,
    "unit": 112,
    "layber_number": 2
  },
  "best_mae": 0.16882079243659973,
  "cv_folds": 5,
  "training_epochs": 500
}