{
  "lr": 0.0003791550105096439,
  "batch_size": 64,
  "drop_out": 0.14922744791828396,
  "unit": 112,
  "layber_number": 3
}