{
  "lr": 0.00023475054873676652,
  "batch_size": 112,
  "drop_out": 0.14634606768636768,
  "unit": 112,
  "layber_number": 1
}