{
  "model_id": "10a580b7-e2e4-4976-b3e9-d79e8357966c",
  "created_at": "2025-09-04T18:24:49.386130",
  "task_type": "regression",
  "feature_number": 4,
  "target_number": 1,
  "feature_names": [
    "SiO2",
    "CeO2",
    "Lignin",
    "2-VN"
  ],
  "target_names": [
    "H-AF"
  ],
  "best_params": {
    "lr": 0.00023475054873676652,
    "batch_size": 112,
    "drop_out": 0.14634606768636768,
    "unit": 112,
    "layber_number": 1
  },
  "best_mae": 0.15958410501480103,
  "cv_folds": 5,
  "training_epochs": 500
}