{
  "lr": 0.0012089300956366217,
  "batch_size": 128,
  "drop_out": 0.22859491540745652,
  "unit": 112,
  "layber_number": 1
}