{
  "model_id": "abd146b2-e89f-4c4a-be39-c17767fcc5cc",
  "created_at": "2025-09-07T00:23:31.708760",
  "task_type": "regression",
  "feature_number": 4,
  "target_number": 1,
  "feature_names": [
    "SiO2",
    "CeO2",
    "Lignin",
    "2-VN"
  ],
  "target_names": [
    "H-AF"
  ],
  "best_params": {
    "lr": 0.0012089300956366217,
    "batch_size": 128,
    "drop_out": 0.22859491540745652,
    "unit": 112,
    "layber_number": 1
  },
  "best_mae": 0.16205792129039764,
  "cv_folds": 5,
  "training_epochs": 500
}