{
  "lr": 0.002278442088992486,
  "batch_size": 96,
  "drop_out": 0.1902810079806919,
  "unit": 96,
  "layber_number": 2
}