{
  "lr": 0.000227508826655514,
  "batch_size": 112,
  "drop_out": 0.01230867472231958,
  "unit": 128,
  "layber_number": 5
}