{
  "lr": 0.0010758944129512975,
  "batch_size": 80,
  "drop_out": 0.21496645804363496,
  "unit": 64,
  "layber_number": 6
}