{
  "model_id": "3c558588-8653-4be5-b027-c15b7c618d91",
  "created_at": "2025-09-18T00:03:14.303675",
  "task_type": "regression",
  "feature_number": 4,
  "target_number": 1,
  "feature_names": [
    "SiO2",
    "CeO2",
    "lignin",
    "vinyl"
  ],
  "target_names": [
    "TS-AF"
  ],
  "best_params": {
    "lr": 0.0010758944129512975,
    "batch_size": 80,
    "drop_out": 0.21496645804363496,
    "unit": 64,
    "layber_number": 6
  },
  "best_mae": 0.8792280554771423,
  "cv_folds": 2,
  "training_epochs": 3
}