fold,epoch,train_loss,val_loss,val_mae,val_r2
1,1,0.9571940898895264,0.7966653108596802,0.7966652512550354,-0.0015891790390014648
1,2,0.9525305032730103,0.7969436049461365,0.7969436645507812,-0.0013328790664672852
1,3,0.9557763338088989,0.7971331477165222,0.7971330285072327,-0.0011065006256103516
2,1,0.8112908601760864,0.9531405568122864,0.9531405568122864,-0.003553628921508789
2,2,0.8066371083259583,0.9530629515647888,0.9530629515647888,-0.00468599796295166
2,3,0.8122267723083496,0.9529224634170532,0.9529224634170532,-0.0058672428131103516
