{
  "lr": 0.00031586936859112884,
  "batch_size": 112,
  "drop_out": 0.11716581270605789,
  "unit": 96,
  "layber_number": 1
}