{
  "model_id": "29eabf52-5383-456d-94e1-e86b9512a0da",
  "created_at": "2025-09-04T18:51:39.056926",
  "task_type": "regression",
  "feature_number": 4,
  "target_number": 1,
  "feature_names": [
    "SiO2",
    "CeO2",
    "Lignin",
    "2-VN"
  ],
  "target_names": [
    "H-AF"
  ],
  "best_params": {
    "lr": 0.00031586936859112884,
    "batch_size": 112,
    "drop_out": 0.11716581270605789,
    "unit": 96,
    "layber_number": 1
  },
  "best_mae": 0.1659184843301773,
  "cv_folds": 5,
  "training_epochs": 500
}