{
  "lr": 0.00043628123748669037,
  "batch_size": 64,
  "drop_out": 0.10898268683922359,
  "unit": 80,
  "layber_number": 1
}