{
  "lr": 0.0002872125724014264,
  "batch_size": 48,
  "drop_out": 0.09017326769051894,
  "unit": 48,
  "layber_number": 1
}