{
  "lr": 0.00017236953768816416,
  "batch_size": 64,
  "drop_out": 0.2625489530950779,
  "unit": 128,
  "layber_number": 2
}