{
  "model_id": "90eba0f9-91ee-40bd-be62-30e9c5894abc",
  "created_at": "2025-09-12T11:31:23.387855",
  "task_type": "regression",
  "feature_number": 4,
  "target_number": 1,
  "feature_names": [
    "SiO2",
    "CeO2",
    "Lignin",
    "2-VN"
  ],
  "target_names": [
    "H-AF"
  ],
  "best_params": {
    "lr": 0.00017236953768816416,
    "batch_size": 64,
    "drop_out": 0.2625489530950779,
    "unit": 128,
    "layber_number": 2
  },
  "best_mae": 0.16272424459457396,
  "cv_folds": 5,
  "training_epochs": 500
}