{
  "lr": 0.0042560438499872864,
  "batch_size": 32,
  "drop_out": 0.19683181057585405,
  "unit": 96,
  "layber_number": 2
}