{
  "lr": 0.00017395425782709982,
  "batch_size": 48,
  "drop_out": 0.08310222098662862,
  "unit": 96,
  "layber_number": 8
}