{
  "model_id": "e15cca8a-c500-446a-aaaf-dd8f4eaf6227",
  "created_at": "2025-09-04T21:30:23.089182",
  "task_type": "regression",
  "feature_number": 4,
  "target_number": 1,
  "feature_names": [
    "SiO2",
    "CeO2",
    "Lignin",
    "2-VN"
  ],
  "target_names": [
    "H-AF"
  ],
  "best_params": {
    "lr": 0.00017395425782709982,
    "batch_size": 48,
    "drop_out": 0.08310222098662862,
    "unit": 96,
    "layber_number": 8
  },
  "best_mae": 0.16965184211730958,
  "cv_folds": 5,
  "training_epochs": 500
}