{
  "lr": 0.0011598171027739164,
  "batch_size": 32,
  "drop_out": 0.11458810717910081,
  "unit": 96,
  "layber_number": 2
}