layer_thickness,hatch_distance,laser_power,laser_velocity,relative_density_prediction
-0.7923157956280295,1.6103631919601444,0.019436953831012495,-1.6464628569732045,0.9158947
