{
  "lr": 8.297399851085324e-05,
  "batch_size": 64,
  "drop_out": 0.045393797716566,
  "unit": 128,
  "layber_number": 1
}